{"sentenceStartingWords":{"119":2,"?????.":1,"this":4,"milla":4,"on":3,"I'm":4,"I":3,"i":11,"the":5,"best":1,"it's":5,"one":1,"god":3,"proceeded":2,"was":2,"wait":5,"oh":5,"ignore":2,"yeah,":4,"believe":1,"those":3,"also":5,"plus":2,"heEEEE,LLO":2,"hello":3,"he":1,"am":1,"no":5,"never":2,"heck.":3,"@Milla":2,"o.":3,"have":3,"kinda":1,"but":3,"sorry.":5,"aa":2,"hihi.":2,"didnt":3,"what":2,"whatever":3,"omg":2,"ldfkhujbknlkdjngkjvndlkjgsdnklbjnletkwjnb;etkjtn;\\.":2,"fuck":3,"me":4,"+currency":2,"(+)":2,"BOT.":2,"":5,"You":1,"Use":1,"+convert":1,"ok":4,"brb.":5,"predicted":2,"play":4,"niniiiiiiii.":2,"👀.":2,"i'm":5,"nini":2,"gnnn.":2,"when":3,"@stratus":1,"social":2,"@Milla.":3,"@Nim":1,"stuck":1,"you're":4,"ok.":1,"content.":1,"sup":2,"Everybody":1,"There":2,"nice.":3,"man":2,"yes.":3,"oo.":2,"bbl.":1,"bro":2,"there's":2,"@Pile":4,"tfw":3,"Ask":1,"POV:":1,"But":1,"Oh":3,"8all5?.":3,"uh":2,"what's":5,"!generate":7},"frequencyTable":{"1":{"on":2,"vcs":2},"2":{"hours.":4},"5":{"mins":3},"119":{"pln.":3},"?????.":{"this":1},"this":{"is":4,"shit":2,"one.":1,"chat":1},"is":{"gonna":2,"the":4,"dead":6,"that":1,"doing.":1,"this.":1,"this":1,"super":1},"gonna":{"be":2,"go":3},"be":{"worse":1,"angy":1,"so":1},"worse":{"than":1},"than":{"the":1},"the":{"base":9,"anglerfish":10,"dlc":6,"dlc,":1,"theater":1,"reduced":1,"what.":1,"last":1,"scary":1,"artifacts":3,"dam":3,"jumpscare.":1,"river":1,"damaged":1,"prototype":1,"hell":1,"achievement":1,"vc":2,"nerts":1,"gld.":1,"vc.":1,"rise":1,"wrong":1,"7th":1,"heck":1,"torikan.":1,"short":1,"stream":1,"fuck":1},"base":{"game":9},"game":{"isnt":7,"called":5},"isnt":{"it.":7},"it.":{"milla":2,"I'm":2,"I":1,"the":1,"hihi.":1,"there's":1,"👀.":1,"+currency":1,"gnnn.":1,"what's":1,"ldfkhujbknlkdjngkjvndlkjgsdnklbjnletkwjnb;etkjtn;\\.":1},"milla":{"queue":4},"queue":{"up":4},"up":{"the":2,"lmao.":1,"in":4,"motherfuckers":4},"anglerfish":{"sounds":9,"spooky.":6},"sounds":{"again.":9},"again.":{"on":1,"hello":1,"8all5?.":1,"also":1,"@Pile":1,"@Milla.":1,"when":1,"brb.":1,"tfw":1},"on":{"1":3,"it.":2,"my":1,"the":1,"this":1},"I'm":{"not":6,"through":1},"not":{"done":5,"anglerfish":5,"really":7,"i":1,"started.":1,"on":1,"played":1,"checking":1},"done":{"with":5},"with":{"the":5,"suits":3},"dlc":{"(no":6},"(no":{"spoil":6},"spoil":{"pls)":6},"pls)":{"but":6},"but":{"think":3,"not":2,"i":4,"nim":1,"would":1,"i'm":1,"yeah":1,"by":1,"didn't":1},"think":{"I'm":3,"of":1},"through":{"most":1,"is":2},"most":{"of":1},"of":{"it.":1,"luck.":2,"my":2,"river":1,"the":1,"tgm4":1,"it":1,"gru?.":1,"dragons":3},"I":{"would":2,"guess":2},"would":{"say":1,"call":1,"but":2,"talk":1,"join":1},"say":{"pretty":1},"pretty":{"spooky":1},"spooky":{"but":1},"spooky.":{"i":1,"":1,"aa":1,"oh":1,"heEEEE,LLO":1,"There":1},"i":{"just":9,"like":10,"was":7,"woke":1,"see":1,"actually":2,"didnt":1,"got":2,"tried":1,"can't":1,"late":1,"would":3,"gtg":1,"are":1,"played":1,"need":1,"don't":1,"have":1,"kinda":1,"had":1,"think?.":1,"guess":1,"moved":1},"just":{"started":4,"figured":3,"askin":4},"started":{"the":3,"so":4},"dlc,":{"all":1},"all":{"ive":1},"ive":{"been":1},"been":{"through":2,"sitting":2},"theater":{"building":1},"building":{"and":1},"and":{"that's":4,"then":4,"die":10,"the":1,"promptly":1,"i":1,"I":1,"end":1},"that's":{"it.":4},"reduced":{"fright":1},"fright":{"option":1},"option":{"has":1},"has":{"me":1},"me":{"worried":1,"omw":1,"to":3,"what":1,"rn:.":1},"worried":{"tho.":1},"tho.":{"the":1},"what.":{"best":1},"best":{"of":1},"luck.":{"it's":1,"play":1},"it's":{"not":4,"okay.":3},"really":{"scary":6},"scary":{"until":4,"part":3},"until":{"the":3,"i":2},"last":{"third":1},"third":{"or":1},"or":{"so.":2,"not":7},"so.":{"one":1,"me":1},"one":{"of":1,"but":1},"my":{"friends":2,"raft":5,"steam":2},"friends":{"chickened":2},"chickened":{"out":2},"out":{"before":2,"the":4},"before":{"the":2,"Super":2},"part":{"even":3},"even":{"started":3},"so":{"i":7,"scared":4,"annoying.":9},"like":{"2":4,"5":3,"to":10,"redactle.":1},"to":{"tease":2,"wander":9,"fall":6,"use":1,"play":1,".":1,"be":1,"convert":1,"go":1,"leave":1},"tease":{"him":2},"him":{"by":2},"by":{"saying":1,"accident.":1,"looking":2,"arika":1},"saying":{"hes":1},"hes":{"afraid":1},"afraid":{"of":1},"river":{"rafting.":1,"are":1},"rafting.":{"god":1},"god":{"i":2,"fucking":2},"figured":{"out":4},"artifacts":{"by":1,"before":1,"you":1,"first.":1,"and":1},"accident.":{"proceeded":1},"proceeded":{"to":2},"wander":{"around":9},"around":{"and":9},"then":{"the":4},"dam":{"burst.":1,"ever":1,"burst":1},"burst.":{"i":1},"was":{"so":5,"waiting":3,"an":3},"scared":{"when":4},"when":{"i":3,"literally":4},"woke":{"up":1},"lmao.":{"was":1},"waiting":{"for":3},"for":{"the":3,"it":3,"like":2,"not":1,"a":1},"jumpscare.":{"wait":1},"wait":{"you":3,"i":2,"were":2},"you":{"figured":1,"mean.":6,"may":3,"here.":1,"both.":1,"could":1,"try":1},"ever":{"bursting?.":1},"bursting?.":{"oh":1},"oh":{"wait":2,"god":1,"ok.":1,"it;s":1},"see":{"what":1},"what":{"you":2,"is":2,"to.":1},"mean.":{"ignore":1,"those":1,"me":1,"milla":1,"also":1,"i'm":1},"ignore":{"me.":2},"me.":{"yeah,":1,"sorry.":1},"yeah,":{"definitely":4},"definitely":{"fun.":4},"fun.":{"believe":1,"heck.":1,"ignore":1,"Oh":1},"believe":{"it":1},"it":{"or":4,"funny":4,".":4,"once":1,"more.":1,"damn":1,"from":1,"as":1},"actually":{"managed":1,"found":1},"managed":{"to":1},"fall":{"off":6},"off":{"my":6},"raft":{"and":5},"die":{"several":10},"several":{"times":10},"times":{"so":10},"didnt":{"know":4},"know":{"the":4},"burst":{"until":1},"got":{"flooded":1,"blown":1,"the":1},"flooded":{"out.":1},"out.":{"those":1},"those":{"electrical":3},"electrical":{"wires":3},"wires":{"in":2},"in":{"the":3,"like":4,"rtc":5,"RTC":1},"are":{"a":1,"eating":1},"a":{"pain.":1,"theme":1,"tourney.":1},"pain.":{"also":1},"also":{"speaking":1,"nim":4},"speaking":{"of":1},"may":{"find":5,"because":1},"find":{"it":5},"funny":{"that":4},"that":{"i":2,"the":3},"found":{"the":1},"damaged":{"lab":1},"lab":{"and":1},"prototype":{"artifacts":2},"first.":{"i":1},"tried":{"to":1},"use":{"said":1},"said":{"prototype":1},"promptly":{"got":1},"blown":{"the":1},"hell":{"up.":1,"for":1},"up.":{"plus":1},"plus":{"i":2},"achievement":{"for":1},".":{"this":1,"heck.":1,"god":1,"play":1,"(+)":1,"wait":1,"Oh":1,"sorry.":1,"ok":1},"shit":{"lookin":2},"lookin":{"like":2},"redactle.":{"heEEEE,LLO":1},"heEEEE,LLO":{"MOTHERFUCKJERS.":2},"MOTHERFUCKJERS.":{"oh":1,"god":1},"can't":{"type":1},"type":{"again.":1},"hello":{"fen.":1,"milla.":2},"fen.":{"hello":1,"gnnn.":1,"I'm":1},"milla.":{"he":1,"when":1},"he":{"wo.":1},"wo.":{"am":1},"am":{"i":1},"late":{"lol.":1},"lol.":{"wait":1},"were":{"you":2},"here.":{"no":1},"no":{"just":2,"i":1,"u.":2},"askin":{"if":4},"if":{"vc":4,"somebody":1},"vc":{"is":3,"had":1,"and":2},"dead":{"or":4,"i've":3},"started.":{"never":1,"i":1,"bro":1},"never":{"started.":2},"call":{"one":1},"gtg":{"in":1},"mins":{".":3},"heck.":{"@Milla":1,"have":1,"brb.":1},"@Milla":{"vc?.":1,"show.":1,"cute.":1},"vc?.":{"i":1},"nim":{"and":2,"went":3},"eating":{"dinner":1},"dinner":{"elsewhere":1},"elsewhere":{"tonight.":1},"tonight.":{"o.":1},"o.":{"heck.":1,"nini":1,"yeah,":1},"have":{"fun":1,"not":3},"fun":{"you":1},"both.":{"kinda":1},"kinda":{"dead":1,"do":1},"i've":{"been":3},"sitting":{"here":2},"here":{"for":2,"may":3,"with":3},"hours.":{"but":2,"it's":1,"on":1},"talk":{"if":1},"somebody":{"joined.":1},"joined.":{"i":1},"join":{"but":1},"i'm":{"bad":2,"probably":3,"stuck":1,"admin":1},"bad":{"at":2},"at":{"1":1,"it":2,"myself":2},"vcs":{"lskjdgl.":2},"lskjdgl.":{"sorry.":1,"no":1},"sorry.":{"119":1,"aa":1,"o.":1,"uh":1,"@Milla.":1},"aa":{"it's":2},"okay.":{"hihi.":1,"I":1,"proceeded":1},"hihi.":{"didnt":1,"also":1},"had":{"a":1,"it":1},"theme":{"song":1},"song":{"losjkdkgljsldg.":1},"losjkdkgljsldg.":{"what":1},"nerts":{"theme.":1},"theme.":{"whatever":1},"whatever":{"fen's":3},"fen's":{"mic":3},"mic":{"is":3},"doing.":{"omg":1},"omg":{"redout?.":2},"redout?.":{"i":1,"tfw":1},"played":{"it":1,"but":1},"once":{"i":1},"need":{"to":1},"play":{"it":3,"wordament.":2},"more.":{"it's":1},"steam":{"account":2},"account":{"i":3},"don't":{"think.":1},"think.":{"but":1},"yeah":{"congrats":1},"congrats":{"on":1},"gld.":{"i":1},"looking":{"at":2},"damn":{"i":1},"do":{"want":1,"other":1},"want":{"to":1},"fucking":{"damnit.":2},"damnit.":{"no":1,"fuck":1},"from":{"nessie's":1},"nessie's":{"account":1},"think?.":{"ldfkhujbknlkdjngkjvndlkjgsdnklbjnletkwjnb;etkjtn;\\.":1},"ldfkhujbknlkdjngkjvndlkjgsdnklbjnletkwjnb;etkjtn;\\.":{"fuck":1,"BOT.":1},"fuck":{"!!.":3},"!!.":{"me":1,"nice.":1,"didnt":1},"omw":{"to":1},"angy":{"at":1},"myself":{"for":2},"checking":{"epic":1},"epic":{"store.":1},"store.":{"+currency":1},"+currency":{"119pln.":1,"'value'":2},"119pln.":{"(+)":1},"(+)":{"42.":2},"42.":{"BOT.":1,"have":1},"BOT.":{"":1,"yeah,":1},"":{"—":3,"i":2},"—":{"30/06/2022.":3},"30/06/2022.":{"​You":1,"plus":1,"niniiiiiiii.":1},"​You":{"asked":1},"asked":{"me":1},"convert":{"but":1},"didn't":{"tell":1},"tell":{"me":1},"to.":{"Use":1},"Use":{"+currency":1},"'value'":{"'FROM'":2},"'FROM'":{"['TO'].":2},"['TO'].":{"+convert":1,"what":1},"+convert":{"119":1},"pln.":{"ok":2,"nice.":1},"ok":{"i":3,"i'm":1},"guess":{"not.":1,"you":2},"not.":{"brb.":1},"brb.":{"predicted":1,"it's":1,"":1,"yes.":1,"hello":1},"predicted":{"trend":2},"trend":{"of":2},"tgm4":{"interest":1},"interest":{"by":1},"arika":{".":1},"wordament.":{"niniiiiiiii.":1,"brb.":1},"niniiiiiiii.":{"👀.":1,"you're":1},"👀.":{"i'm":1,"sorry.":1},"probably":{"gonna":3},"go":{"as":3,"do":1},"as":{"well.":3,"Super":1},"well.":{"o.":1,"i":2},"nini":{"fen.":2},"gnnn.":{"me":1,"play":1},"rn:.":{"when":1},"literally":{"any":4},"any":{"unmuted":4},"unmuted":{"person":4},"person":{"here":4},"because":{"voice":1},"voice":{"talents.":1},"talents.":{"@stratus":1},"@stratus":{"?.":1},"?.":{"social":1},"social":{"distancing.":2},"distancing.":{"@Milla.":1,"man":1},"@Milla.":{"@Nim":1,"8all5?.":1,"social":1},"@Nim":{"(furry).":1},"(furry).":{"stuck":1},"stuck":{"in":2},"rtc":{"connecting":2,"disconnecting":3},"connecting":{"hell.":2,"hell":1},"hell.":{"oh":1,"the":1,"omg":1,"sorry.":1,"yes.":1},"ok.":{"you're":1,"content.":1,"tfw":1},"you're":{"in":4},"vc.":{"also":1},"went":{"to":3},"other":{"things.":1},"things.":{"ok.":1},"content.":{"sup":1},"sup":{"gamer.":1,"gamers.":1},"gamer.":{"Everybody":1},"Everybody":{"Edits:":4,"Edits,":2},"Edits:":{"Offline.":4},"Offline.":{"There":1,"":1,"those":1,"i'm":1},"There":{"was":2},"an":{"online":3},"online":{"Flash":3},"Flash":{"game":3},"called":{"Everybody":5},"Edits,":{"and":2},"could":{"think":1},"Super":{"Mario":3},"Mario":{"Maker":1,"Maker..":2},"Maker":{"before":1},"Maker..":{"@Milla":1,"i'm":1},"show.":{"nice.":1},"nice.":{"man":1,"you're":1,"I'm":1},"man":{"im":2},"im":{"watching":2},"watching":{"minions.":2},"minions.":{"the":1,"brb.":1},"rise":{"of":1},"gru?.":{"yes.":1},"yes.":{"oo.":1,"nini":1,"it's":1},"oo.":{"bbl.":1,"on":1},"bbl.":{"bro":1},"bro":{"this":2},"annoying.":{"there's":1,"this":1,"was":1,"didnt":1,"have":1,"I":1,"milla":1,"also":1,"play":1},"there's":{"people":2},"people":{"here":2},"suits":{"tho":3},"tho":{"LMAO.":3},"LMAO.":{"@Pile":1,"wait":1,"never":1},"@Pile":{"of":4},"dragons":{"@Milla":1,"good":1,"apologies":1},"cute.":{"no":1},"u.":{"no":1,"sup":1},"gamers.":{"@Pile":1},"good":{"luck":1},"luck":{"on":1},"one.":{"@Pile":1},"apologies":{"i":1},"moved":{"the":1},"wrong":{"person.":1},"person.":{"i'm":1},"RTC":{"connecting":1},"7th":{"time":1},"time":{"today.":1},"today.":{"oh":1},"it;s":{"ok.":1},"tfw":{"you":3},"try":{"to":1},"leave":{"the":1},"end":{"up":1},"disconnecting":{"hell.":3},"heck":{"is":1},"this.":{"Ask":1},"Ask":{"stratus.":1},"stratus.":{"POV:":1},"POV:":{"You":1},"You":{"barely":1},"barely":{"missed":1},"missed":{"the":1},"torikan.":{"But":1},"But":{"the":1},"short":{"answer":1},"answer":{"is":1},"stream":{"overlay":1},"overlay":{"WIP":1},"WIP":{"for":1},"tourney.":{"Oh":1},"Oh":{"nice!.":3},"nice!.":{"8all5?.":1,"whatever":1,"wait":1},"8all5?.":{"wat":1,"yeah,":1,"oo.":1},"chat":{"application":1},"application":{"is":1},"super":{"scuffed":1},"uh":{"what":2},"admin":{"now":1},"what's":{"up":5},"!generate":{"50":4,"100":1,"250":2}}}